﻿<?xml version="1.0" encoding="utf-8"?>
<DacOrigin xmlns="http://schemas.microsoft.com/sqlserver/dac/Serialization/2012/02">
  <PackageProperties>
    <Version>3.1.0.0</Version>
    <ContainsExportedData>true</ContainsExportedData>
    <StreamVersions>
      <Version StreamName="Data">2.0.0.0</Version>
      <Version StreamName="DeploymentContributors">1.0.0.0</Version>
    </StreamVersions>
  </PackageProperties>
  <Operation>
    <Identity>3604a235-6542-4720-bef9-d49d96ed560d</Identity>
    <Start>2022-10-11T11:42:04.2953057-07:00</Start>
    <End>0001-01-01T00:00:00.0000000</End>
    <ProductName>Microsoft.SqlServer.Dac, Version=15.0.0.0, Culture=neutral, PublicKeyToken=b03f5f7f11d50a3a</ProductName>
    <ProductVersion>15.0.5282.3</ProductVersion>
    <ProductSchema>http://schemas.microsoft.com/sqlserver/dac/Serialization/2012/02</ProductSchema>
  </Operation>
  <Server>
    <ServerVersion>Microsoft SQL Server 2017 (RTM) - 14.0.1000.169 (X64) 
	Aug 22 2017 17:04:49 
	Copyright (C) 2017 Microsoft Corporation
	Enterprise Edition (64-bit) on Windows 10 Home 10.0 &lt;X64&gt; (Build 22000: )
</ServerVersion>
    <ObjectCounts>
      <DatabaseOptions>1</DatabaseOptions>
      <ForeignKeyConstraint>1</ForeignKeyConstraint>
      <Index>1</Index>
      <PermissionStatement>2</PermissionStatement>
      <PrimaryKeyConstraint>3</PrimaryKeyConstraint>
      <SimpleColumn>12</SimpleColumn>
      <Table>3</Table>
    </ObjectCounts>
  </Server>
  <ExportStatistics>
    <SourceDatabaseSize>11224</SourceDatabaseSize>
    <TableRowCountTotalTag>6</TableRowCountTotalTag>
  </ExportStatistics>
  <Checksums>
    <Checksum Uri="/model.xml">5B73F060D4C8C796CF5D4D34163FE993B0A846807E83A1B7323476C41E73FED8</Checksum>
  </Checksums>
  <ModelSchemaVersion>2.5</ModelSchemaVersion>
</DacOrigin>